comentario;nota;data
Lugar lindo, cores vibrantes e uma atmosfera de boa energia. Fui em novembro de 22 e mesmo sendo aplica de chuvas , pude aproveitar tudo , a chuva n√£o atrapalhou , apenas acrescentou emo√ß√£o a expedi√ß√£o !;5.0;nov de 2022
Viemos, eu, meu filho, nora e 2 casais de colegas de turma visitar o Jalap√£o. Foi muito bom. Ficamos hospedados no Korubo Safari Camp e em v√°rios passeios passamos ao largo da Serra Do Esp√≠rito Santo. Ela est√° localizada ao lado das Dunas do Jalap√£o, dentro do parque do Jalap√£o e da Esta√ß√£o Ecol√≥gica da Serra Geral do Tocantins. A rocha de arenito sofre a a√ß√£o do vento que faz com que a serra seja plana no alto e com as chuvas e eros√£o parte do arenito se desprende e este material da eros√£o √© depositado nas dunas do Jalap√£o.Existe uma trilha que sobe ao Mirante da Serra do Esp√≠rito Santo que √© um dos melhores pontos para observar o Parque Estadual doJalap√£o.Gostei...;5.0;abr de 2022
A serra do Esp√≠rito santo √© uma forma√ß√£o que impressiona pela beleza. Situada no parque estadual do Jalap√£o ela pode ser contemplada durante o trajeto as atra√ß√µes do local.;5.0;abr de 2022
Imponente ao se avisar da longa estrada de terra, seu conjunto de cores somado √†s belezas do lago e das dunas √© singular, visita obrigat√≥ria para quem est√° em Mateiros.;5.0;ago de 2021
Fizemos a subida de madrugada para contemplar o nascer do sol. A subida √© √≠ngreme, mas n√£o muito longa. Exige um pouco de condicionamento f√≠sico, mas √© toda demarcada, com corrim√µes e bancos em alguns trechos.Leve √°gua e algo para se alimentar.A vista l√° de cima √© maravilhosa!;5.0;jun de 2021
Paisagem muito bonita do Jalap√£o, chegando a Serra temos uma bela no√ß√£o do que o Jalap√£o ir√° nos proporcionar!!!;4.0;jun de 2021
Sa√≠mos da pousada √†s 3:30 da manh√£ para iniciar a subida √†s 4:00. A subida no escuro √© bem puxada, tem algumas cordas de apoio e uns bancos para descanso, mas √© bem cansativa. Ver o nascer do sol l√° de cima √© lindo, a paisagem √© incr√≠vel. S√≥ na hora da descida √© que conseguimos ter a no√ß√£o de como √© alto e do tanto que subimos.;4.0;mai de 2021
Visual surpreendente, vale a pena conhecer. Caminhada tranquila at√© o mirante onde se pode ver a imensid√£o do Jalap√£o.;5.0;mai de 2021
Vc escolhe se vai ver o por ou o nascer do sol l√°, eu vi o nascer e achei que valeu a pena. O acesso, como tudo no Jalap√£o, √© somente por 4x4 e mesmo assim √© dif√≠cil. A caminhada √© agrad√°vel e a subida de 750 m √© bastante √≠ngreme, por√©m h√° cordas para ajudar e bancos ao longo do caminho para descansar. L√° em cima n√£o h√° como manter o distanciamento social pois, apesar do plat√¥ ser gde, o sol apenas de um lado e todos se aglomeram no ponto q favorecer√° a vis√£o.;4.0;dez de 2020
acordamos as 4h da manh√£ para fazer a trilha. A trilha √© de subida, n√£o tem apoio, n√£o tem degrau, na volta quando j√° estava claro, achei bem perigosa, se alguem cair ou se machucar, nem sei como ser√° atendido. Levamos quase 1h para subir, com paradas para descansar. O nascer do sol √© bonito, mas n√£o EU n√£o iria de novo e n√£o recomendo para quem n√£o est√° preparado, EU achei bem puxado kkk;3.0;set de 2019
Foi muito interessante!!! Gostei muito da atividade!Gostaria de voltar outras vezes!Acho que a cada volta a experi√™ncia seria diferente!;5.0;nov de 2019
A Serra do Esp√≠rito Santo √© de lei para quem quer visitar o Jalap√£o. O passeio se inicia na madrugada quando de carro se desloca at√© o p√© da serra. De l√° inicia-se uma subida de aproximadamente 800 m. E sim, vale muito a pena a subida e muitos percebem isso quando enfim o sol nasce e √© poss√≠vel contemplar toda sua beleza e a beleza da paisagem. Vale lembrar que √© l√° que se inicia a forma√ß√£o das Dunas do Jalap√£o. √â muito importante para este passeio que voc√™ esteja acompanhado de um guia credenciado.;5.0;jul de 2019
Muitos sobem a serra para ver o nascer do sol mas a subida vale a pena em qualquer parte do dia pois o visual de l√° de cima √© muito bonito. S√£o cerca de 800m de subida em trilha fechada e com muitas pedras. Tem que ter cuidado.;4.0;out de 2019
Fiz um expedi√ß√£o de 5 dias com a ag√™ncia Jalap√£o Brasil. Esse lugar foi um dos passeios que fizemos pelo caminho percorrido durante o dia,;5.0;set de 2019
Excelente experi√™ncia de fazer a trilha de 8 km pela chapada, e o visual l√° de cima vale cada gota de suor.;5.0;fev de 2020
Acordamos 3:30 pra fazer a trilha do nascer do sol. A subida √© bem cansativa, sobretudo porque fomos em jejum (rsrsrs) e h√° quatro pontos de paradas para descanso. Mas o nascer do sol l√° em cima recompensa. √â muito bonito, recomendo fazer porque vale o esfor√ßo. Descer depois √© super f√°cil e voc√™ contempla toda a vista, pois na ida voc√™ sobe no escuro.;5.0;out de 2019
Magn√≠fico. O in√≠cio da trilha √© ainda de madrugada, por volta das 4h. Levamos 40 minutos pra chegar ao topo. A subida √© um pouco √≠ngreme pra quem n√£o est√° adaptado a caminhadas, mas vale a pena ver o nascer do sol l√° do alto.;5.0;dez de 2019
A trilha tem 8 km. 1 km de subida ingrime, 3 em terreno plano no plat√¥ da serra e o retorno. Iniciamos por volta das 7 da manh√£ e o retorno √†s 12h. Recomendo para pessoa com condicionamento f√≠sico em dia. O retorno √© mais sofrido por causa do calor e sol. Mas a aventura e a vis√£o do alto da Serra vale muito a pena.;5.0;set de 2019
√â indescrit√≠vel ver o dia nascendo l√° de cima!! S√≥ indo!Vale acordar cedo e subir toda a pirambeira!;4.0;dez de 2019
Uma das experi√™ncias unica ver o nascer do sol na Serra do Esp√≠rito Santo, pois e muito magico a subida e um espet√°culo a parte com parada para observar as estrelas que ali√°s e um dos ceus mais bonito que ja presenciei e para fechar com chave de ouro o nascer no mirante qeu e outro espet√°culo a parte., Para jalapao ser completo tem fazer esse passeio.;5.0;nov de 2019
Acordar de madrugada em f√©rias n√£o √© muito convidativo, quando conjugado com esfor√ßo f√≠sico, a primeira coisa que pensamos √©: nem pensar! Mas como valeu o esfor√ßo.... n√£o foi f√°cil, quase 1 hora entre as paradas necessarias para o meu condicionamento f√≠sico. Mas foi m√°gico ver aquele Sol poderoso apontando. Foi lindo demais ;5.0;jun de 2019
Fui com 3 amigase a viagem foi perfeita. Vale a pena conhecer a Serra do Espirito Santo, as Serras Gerais e o Jalap√£o.;5.0;abr de 2019
A partir do estacionamento dos carros a trilha demora cerca de 50‚Äô at√© o topo do primeiro mirante e 30‚Äô at√© o segundo mirante cerca de 3km., de onde se avista as dunas do Jalap√£o, o total s√£o 8km.. H√° v√°rios bancos para descanso, mas os joelhos s√£o muito acionados. Algumas ag√™ncias de turismo recolhem o turista na hospedagem pela madrugada para assistir o nascer do sol.¬†;4.0;jul de 2019
Fomos de madrugada, por volta da 3:30 os guias #kim_Pinheiro e Jarbas foram iluminando o caminho..curt imos o ceu estrelado com direito a estrelas cadentes e a passagem de um satelite.. O SOLnasceu lindo sem nenhuma nuvem por volta das 5.... a experiencia foi otima.. recomendo alem de agua e calcados adequados  um casaquinho ou corta vento pois em cima venta muito.. ..;5.0;ago de 2019
vista sensacional do nascer do sol no vale da serra , lembrando q e o melhor lugar pra observar o c√©u a noite.;4.0;jun de 2019
Linda paisagem no Jalap√£o. As fotos ficam incr√≠veis e h√° uma trilha feita de madrugada para assistir o nascer do sol.;5.0;ago de 2019
Uma pequena aventura mas tem de prestar aten√ß√£o aos detalhes :hor√°rio, √°gua e cal√ßado! Muito sol, muito calor!;5.0;out de 2018
Lugar encantador cheio de magia e silencio...v√° e se entregue a tranquilidade, respire o ar puro e festeje a alegria de poder estar em um lugar t√£o diferente!!!;4.0;jul de 2019
√® um monte n√£o muito alto, parecendo com uma mesa cumprida, que se avista de longe pela estrada j√° se aproximando dela. Mas a melhor vista √© das Dunas que fica bem perto, onde se ve suas falasias de seu encosto;5.0;mar de 2019
Fui assistir ao nascer do sol e, para isso, foi preciso subir a serra com tudo escuro, mas a trilha √© boa de subir. Existem alguns plat√¥s de descanso para aqueles que t√™m uma dificuldade nas subidas (como eu). Tem que ter um certo preparo f√≠sico, ir com t√™nis e roupas confort√°veis. No dia que fui, havia nuvens, mas, mesmo assim, foi um grande espet√°culo.;5.0;mar de 2019
A trilha para a Serra do Esp√≠rito Santo tem dificuldade moderada. Sugiro sapatos de trilha com boa ader√™ncia (alguns trechos com areia podem escorregar) e, caso possuam, os bast√µes de caminhada ajudam bastante na descida. Melhor ir cedo porque o sol fica muito intenso pr√≥ximo do meio dia. Como em todos os outros passeios, bastante protetor solar, repelente e leve muita √°gua. ;5.0;fev de 2019
Na viagem ao Jalap√£o, a Serra do Esp√≠rito Santo nos acompanha em diversos  momentos em diferentes √¢ngulos devido a sua grande extens√£o. Vale uma panor√¢mica!;5.0;fev de 2019
A trilha n√£o √© muito f√°cil pois √© bastante ingreme, existem degraus altos, muitas pedras soltas e areia. Tive muita dificuldade para subir e descer apesar de ter um condicionamento razo√°vel. O bast√£o de caminhada ajudou bastante e a recompensa √© a vista espetacular do alto da Serra.;5.0;jun de 2019
A Trilha da Serra do Esp√≠rito Santo vale a pena ser feita! √â uma trilha r√∫stica, pr√©via ser feita com guia, pois fazemos na madrugada. A vista para o Jalap√£o √© linda, bem como o nascer do sol! √â muito legal fazer o restante do trajeto at√© o Mirante, cerca de 3km pelo plat√¥ pra ver as dunas √† dist√¢ncia e o processo erosivo que d√£o as cores ao Jalap√£o!;5.0;mai de 2019
Fizemos a trilha noturna para subir a serra, de madrugada. A experi√™ncia foi incr√≠vel. Foram +/- 28 km em estrada de terra, em 4 x 4, at√© o p√© da serra. √â uma verdadeira escalaminhada. Eu levei bast√£o de caminhada, o que ajudou bastante pois a subida √© bem √≠ngreme. A trilha tem apenas 600 m mas a inclina√ß√£o dificulta a subida.O nascer do sol vale cada esfor√ßo. √â muito lindo!;5.0;ago de 2018
A trilha at√© o topo √© irregular e leva em torno de 40min. A dificuldade √© baixa, mas exige um m√≠nimo de preparo. Vale a pena ir para o Nascer do Sol, a paisagem l√° de cima √© fant√°stica.;4.0;mai de 2019
Apesar de a subida ser um pouco cansativa e exigir que voc√™  acorde √†s  03h da manh√£, vale cada sacrif√≠cio. O nascer do sol √© indescrit√≠vel. ;5.0;abr de 2019
Uma trilha desafiadora mas que compensa demais pelo lindo visual do cerrado de TO. Melhor ainda se conseguir levantar cedo e ir ver.o nascer do sol !;5.0;jan de 2019
√© maravilhoso fazer a caminhada ainda de madrugada e esperar o nascer do sol, mesmo quando a estrela maior fica meio escondida entre nuvens!! Foi uma ideia extraordin√°ria incluir esse tipo de percurso noturno! Mais uma vez a Cerrado Dourado acertou em cheio!!!! Mesmo sendo dif√≠cil acordar √†s 3h da madruga, vale muito √† pena!!!!;5.0;nov de 2018
"""O Jalap√£o √© bruto"" √© o que todos repetem. A Serra do Esp√≠rito Santo √© exatamente assim. Fa√ßa o passeio de madrugada para ver o sol nascer. Imperd√≠vel. A subida √© dif√≠cil, exige bons joelhos e dedica√ß√£o, mas vale cada gota de suor. No topo h√° um.ventinho, mas nada exagerado. Uma blusinha fina normalmente resolve. Lanterna, pois a escurid√£o √© total, t√£o intensa que √© poss√≠vel visualizar um mar de estrelas no c√©u. Imperd√≠vel.";5.0;nov de 2018
A Trilha pra chegar ao topo √© um pouco √°rdua, mas nada demais para pessoas ativas. A vista √© compensadora. Melhor ainda quando sobe de madrugada para ver o nascer do sol.;5.0;out de 2018
fui agora em movembro para o Jalap√£o, bolta ao parque organizada pela Cerrado Rupestre.escalada dif√≠cil pra mim, no escuro, mas que valeu muito a pena: o sol nascendo l√° longe naquela plan√≠cie imensa, o sil√™ncio l√° de cima e aos poucos os sons dos animais acordando, e as cores do c√©u mudando t√£o rapidamente, com tantos tons de cores diferentes...maravilhoso.;5.0;nov de 2018
Fui com uma turma grande, 10 pessoas entre 28 e 70 anos, todos acordaram as 3h da manh√£ par subir at√© o topo, os dias em fevereiro poderia ser chuva, por√©m nesse dia fez sol, e todos conseguimos subir, as 4h da manh√£ est√° tudo escuro, e isso ajudou a subir, confesso se visse o caminho n√£o ia querer subir, havia muitas pedras e a subida √© bem irregular, mas a vista √© linda e um √≥timo lugar para ter aquele momento para vc. ;5.0;fev de 2019
Fizemos uma trilha as 4h da manh√£ para assistir o por do sol. Uma das vistas mais bonitas da minha vida!;5.0;fev de 2019
√â uma atividade que requer um certo preparo, j√° q despertar as 3h, seguir uns 50 minutos de carro e encarar aproximadamente 1h de subida pode  assustar alguns. Mas √© recompensador o amanhecer na serra, tal como a caminhada de 6km de ida e volta a eros√£o por cima da serra...muito bom!;5.0;jan de 2019
Acordei √†s 3h da manh√£ depois de uma chuvarada e comecei a subir a serra no escuro, sem no√ß√£o da altura e dist√¢ncia. Exige um pouco de esfor√ßo, mas vale a pena ver o sol nascer l√° de cima. Tamb√©m fiz a trilha de 3km at√© o mirante.;4.0;nov de 2018
Sou fumante e sedent√°ria, mas consegui subir rs fomos de madrugada para ver o nascer do sol e foi uma experi√™ncia incr√≠vel, com uma vista que me trouxe uma sensa√ß√£o muito boa, daria quantas vezes tivesse oportunidade, mesmo com a subida quase me matando! ;4.0;jan de 2019
A trilha da Serra do Esp√≠rito Santo √© um desafio desde o momento para acordar as 2:30/3hs da matina. Depois vem o desafio da trilha de 1km!! Independente dos desafios, ver o nascer do sol vale cada esfor√ßo e sacrif√≠cio. N√£o percam esse passeio. ;5.0;set de 2018
Antes do amanhecer se parte para um trekking em uma subida  dif√≠cil pela inclina√ß√£o e equivalente a 80 andares de um pr√©dio mas compensada pela linda e abrangente vista da regi√£o e com a beleza a contempla√ß√£o do nascer do sol  ;5.0;out de 2018
A dif√≠cil subida vale a vista. 30min de cardio no #jalapaoFui com os guias da Cerrado Dourado. A subida foi de madrugada para aproveitar o nascer do sol. Mesmo com o dia nublado a vista vale muito o esfor√ßo. ;5.0;out de 2018
Uma aventura que vale a pena pelo espet√°culo que o sol nos proporciona ao nascer! √â uma subida bem puxada mas apesar de ser preciso a luz da lanterna do celular,  fomos com lua cheia nos aben√ßoando.;5.0;out de 2018
Serra do Esp√≠rito Santo,contemplar o nascer do sol a emo√ß√£o √©  indescrit√≠vel. A todos que tiverem oportunidade fazer este passeio. √â  maravilhoso!!;5.0;out de 2018
Lugar lindo, energia maravilhosa.  √â muita poeira, mas vale a pena. Mesmo que voc√™ n√£o queira subir a serra, vale a pena ir at√© √†s dunas, s√≥ olhar de longe.;5.0;jul de 2018
Muito lindo,a subida √© uma trilha com certa dificuldade,mais a vista vale a pena,o nascer do sol √© maravilhoso ;5.0;jul de 2018
Vista √∫nica, lindo de mais, provando que existe paz e muita energia boa para ser compartilhada com todos que visitaram esse lugar.;5.0;jun de 2018
Passeio incr√≠vel, sa√≠mos da pousada √†s 3:30 da manh√£ no ve√≠culo 4x4. Chegamos ao p√© da Serra √†s 4:30 e iniciamos a subida da serra. Escalada de 45graus por 500m. Tranquilo. Chegando no topo da Serra e aguardamos o nascer do sol. Ap√≥s caminhamos por 3 km at√© o meu mirante. Retorno pelo mesmo caminho. O interessante deste hor√°rio √© que a subida √© a descida √© sempre na sombra. Passeio imperd√≠vel!;5.0;jun de 2018
Apesar de n√£o ter preparo f√≠sico, consegui subir, mas n√£o voltaria, achei muito sacrif√≠cio parta pouco retorno (rsrsr);4.0;mai de 2018
Ap√≥s fazermos uma grande e tortuosa subida de madrugada na Serra do Esp√≠rito Santo, nos deparamos a seguir com o nascimento do sol defronte √† montanha.√â uma vis√£o bel√≠ssima de rara beleza, Todo ,o sacrif√≠cio da subida compensa ao fen√¥meno da natureza.;5.0;mai de 2018
Pessoal,O nascer do sol visto da Serra do Espirito Santo √© simplesmente sensacional.  A subida √© feita bem cedinho, e faz lembrar uma escadaria (mas veja bem, fazer lembrar n√£o significa que √© de fato uma escada... voc√™ vai subindo em pedras). Recomendo cal√ßado adequado para trilhas com boa ader√™ncia, garrafa de agua, lanterna, casaco,  celular para fotografar. N√£o achei dificil o trajeto, leva em torno de 40 min num ritmo bom... isso depende muito do grupo. Considero de esfor√ßo leve a moderado. Isso depende do quanto voc√™ pratica atividade f√≠sica! Vale a pena ir... tem banquinhos ao longo do caminho para descansar caso sinta necessidade.  A vista √© linda... perfeita. ;5.0;jul de 2018
A subida n√£o √© das mais f√°cies, mas a vista √© espetacular. Cuidado maior √© na descida. Vale a pena cada metro subido. Recomenda-se ir pela manh√£ cedo e pegar o nascer do sol.;5.0;jul de 2018
Imponente na paisagem!  O trekking na Serra oferece a contempla√ß√£o de um belo nascer do Sol. Assim como, observ√°-la das dunas do Jalap√£o √© uma  vis√£o majestosa.;5.0;jul de 2018
Nascer do Sol mais lindo que existe!!! Inesquec√≠vel!! Depois de uma subida √≠ngreme (250mts de altura), se prepare para contemplar o mais belo nascer do sol. Sem igual!!!;5.0;jul de 2018
Trilha muito bacana, vale a pena o esfor√ßo de acordar as 4h da manh√£ e a certa dificuldade para subir.;5.0;fev de 2018
A Serra do Esp√≠rito Santo n√£o √© para ser vista, √© para ser admirada! √â incr√≠vel sua impon√™ncia! O retrato perfeito da paisagem do cerrado, das chapadas! Descrever √© dif√≠cil! Para compreender a perfei√ß√£o deste cen√°rio √© preciso ir! ;5.0;fev de 2018
Acordamos √†s 3 horas da madrugada para seguir viagem at√© a Serra do Espirito Santo, para ver o nascer do sol l√° de cima. Ao chegarmos ao p√© da serra, seguimos por trilha at√© o alto da serra, a mais ou menos 250 m de altura. Foi a √∫nica vez que senti frio no Jalap√£o. Aconselho levar um casaquinho, o vento √© frio l√° em cima. Fora isso, o amanhecer foi surreal, muito lindo! Viajei com a Cerrado Dourado Expedi√ß√µes, recomendo, adorei a viagem! ;5.0;mai de 2018
Subida com mts pedras bem √≠ngreme. Mas qnd chega em cima vista mais linda.!Levar garrafa com √°gua.trilha perfeita.;5.0;mar de 2018
Pra quem gosta de ver o nascer do sol esse passeio √© incr√≠vel. Caminhada escalando a serra no escuro com lanternas compensa quando o nascer do sol come√ßa a colorir o c√©u nesse local t√£o silencioso, afastado de toda a correria e preocupa√ß√µes do dia-a-dia.  Muito bom, compensa acordar as 03:00hs.;5.0;mai de 2018
Que vista! Uma perfei√ß√£o da obra de Deus‚ô°. Apaixonante. Faz toda a diferen√ßa no percurso cansativo poder contemplar uma beleza no meio do cerrado tocantinense.;5.0;abr de 2018
A trilha pra serra do esp√≠rito santo √© curta, por√©m de n√≠vel m√©dio. S√£o cerca de 40 minutos s√≥ de subida em uma trilha de pedras soltas. Fiz a besteira de n√£o levar t√™nis pro Jalap√£o e subi de rasteira, n√£o recomendo, machuca demais os p√©s, leve um t√™nis! O nascer do sol em cima do morro tem uma vista sensacional! Valeu o esfor√ßo!;5.0;abr de 2018
Uma subida de 900 metros as 3h30 da manh√£ para apreciar o nascer do Sol. A recompensa √© √∫nica!! A subida e descida exigem um pouco dos aventureiros, mas vale muito a pena!;4.0;mar de 2018
Visitar a Serra do Esp√≠rito Santo na regi√£o do Jalap√£o √© uma experi√™ncia √∫nica. Paisagem agreste e exuberante;5.0;fev de 2018
Trilha pesada que se inicia por volta das 4:00h da madruga para se ver o nascer do sol. Vale a pena. Cansativo e exige algum preparo f√≠sico mas √© possivel descansar nas paradas ao longo da trilha. Descer exige tambem preparo nas pernas. Trilha de 3km no topo um tanto decepcionante mas vale pelo visual final. Fique atento √†s chuvas dependenco da √©poca do ano.;5.0;dez de 2017
√â preciso acordar cedo e muita disposi√ß√£o para chegar ao final da trilha, mas vale toda  apena. A vista da Serra do Esp√≠rito Santo √© incr√≠vel, de onde se pode ver um dos mais belos nascer do sol que j√° vi na vida. O caminho √© bem inclinado e acidentado, portanto √© preciso cal√ßado pr√≥prio para esse tipo de caminhada. N√£o recomendo para quem tem problemas de joelho.;5.0;dez de 2017
Vista deslumbrante. Vale a pena acordar cedo para ver o nascer do sol. A subida √© pesada e feita no escuro, mas tem bancos s√≥ longo do trajeto para descanso. N√£o desanime se chegando l√° estiver com n√©voa pois ela geralmente se dissipa enquanto o sol levanta.N√£o recomendo ir sem guia e para quem ter problemas com joelho.;5.0;jan de 2018
Eu prefiro passeio de mergulho e tal... Mas curto trilha, contempla√ß√£o do visual, ent√£o curti!! Essa trilha j√° estava no meu pacote da viagem. S√£o 8 km, sendo 6km tranquilo praticamente linha reta! Esse 1km de subida e 1km de descida √© que s√£o mais puxados! ;5.0;jan de 2018
Tem que ter folego! Caminhada forte e longa, dependendo do calor fica mais dif√≠cil ainda. Mas o lugar √© lindo, uma vista maravilhosa das dunas, da natureza, do Jalap√£o ;4.0;jan de 2018
√â um passeio que a gente come√ßa 4 da manh√£ pra assistir ao nascer do sol, s√£o 800m de subida cheio de pedras no caminho, por√©m de l√° podemos assistir ao nascer do sol, tem um mirante a 3km depois que j√° se est√° l√° em cima, passeio apropriado pra quem tem um certo condicionamento f√≠sico, e a descida pode ser pior que a subida devido √†s pedras soltas, portanto recomendo cautela, mas se est√° com o Cardio em dia, v√°! Ser√° uma experi√™ncia bem legal! Se estiver com um grupo legal ser√° melhor ainda... f√°cil n√£o √©, mas a vista recompensa tudo! ;5.0;jan de 2018
A trilha √© muito √≠ngreme e no plat√¥ se anda uns 4kms para ter um vista nada demais... n√£o vale o esfor√ßo de acordar muito cedo para escapar do Sol e a subida muito dificil para ver uma vista nada exuberante.;2.0;dez de 2017
A subida de madrugada para ver o nascer do sol do topo da montanha √© uma aventura imperd√≠vel. Se voc√™ consegue chegar ao topo ainda de noite, a vis√£o de tudo se iluminando lenta e gradualmente √© algo fant√°stico. Um certo preparo f√≠sico e lanternas s√£o imprescind√≠veis, e √© tamb√©m desej√°vel o acompanhamento de profissionais experientes. Fomos com a equipe da Jalabob Turismo, que nos assistiu de forma impec√°vel tanto no transporte em autom√≥vel 4 x 4 quanto durante a escalada.;5.0;jan de 2018
Percorremos por horas essa vis√£o, a forma√ß√£o √© muito peculiar e atraente, n√£o se cansa de ver. S√£o diversos morros com o topo plano. A subida √© forte mas compensa a vis√£o.;5.0;dez de 2017
Vista panor√¢mica da regi√£o do Jalap√£o. Vista da Dunas. Nossa caminhada foi de 8 Km, com 800 metros de subida √≠ngreme. Passeio imperd√≠vel! ;5.0;set de 2017
fiz a trilha da serra do espirito santo para ver o nascer do sol e super recomendo.. a trilha e pequena mas um pouco ingrime.. exige um certo cuidado.. mas compensa cada momento.;5.0;set de 2017
"A trilha do morro do Esp√≠rito Santo √© uma ""escalaminhada"" relativamente r√°pida, por√©m √≠ngreme e intensa e exige um m√≠nimo de preparo. Mas nada que um anda-para n√£o d√™ conta. A vista l√° de cima √© de tirar o f√¥lego e vale cada minuto estar l√° em cima para apreciar o nascer do sol. H√° ainda uma op√ß√£o de seguir numa trilha de mais 3km para ir at√© o otro lado. Essa trilha √© plana e mais tranquila.";5.0;set de 2017
Paisagem linda!!! Foi o nascer do sol mais incr√≠vel que eu j√° vi! A subida √© vigorosa, mas n√£o √© muito puxada. D√° pra encarar de boa e, no final, a vista compensa.;5.0;set de 2017
Vale a pena acordar cedo para ver o nascer do sol! Leve lanterna, um snack e v√° de bota ou t√™nis fechado.;5.0;dez de 2017
A Serra do Esp√≠rito Santo nos acompanhou em todos os momentos. √Ä vista √© linda das montanhas que parecem que foram cortadas as meio.;5.0;nov de 2017
"A subida √© cansativa, mas a trilha tem diversos pontos de apoio. A vista l√° em cima √© sensacional e vale muito a pena. De prefer√™ncia n√£o ir com cal√ßa jeans, pois h√° muitos ""degraus de pedra"" e roupa apertada pode dificultar.No dia que fui o c√©u estava com muitas nuvens, mesmo assim a vista √© linda!";5.0;nov de 2017
Fizemos a trilha para a subida do morro para ver um maravilhoso nascer do sol. Precisa acordar cedo mas √© muito compensador o visual e a paz da natureza. Caminhada de medio a moderada (fa√ßo trilhas pelo RJ). Se informe com seu guia. Imperd√≠vel;5.0;mai de 2017
Fizemos uma trilha de 800 metros para ver o nascer do sol. Ao sair ainda perto de 4h30 da manh√£, voc√™ √© presenteado com aquele c√©u estrelado que a gente respeita com direito a estrela cadente! A trilha √© de dificuldade moderada e ao chegar l√° em cima a vista √© compensadora!;5.0;set de 2017
Subida √≠ngreme de mais ou menos 800m. Para quem fica em Mateiros precisa ir de carro at√© o ponto de in√≠cio da subida, deve sair as 4hs da madrugada. Fui em setembro e o sol estava nascendo as 6:05.;5.0;set de 2017
"A Trilha da Serra do Esp√≠rito Santo n√£o √© muito longa, mas a subida √© bem √≠ngreme e requer um pouco de preparo f√≠sico (a placa de acesso √† trilha j√° avisa que n√£o √© um passeio indicado para ""pessoas com baixa capacidade f√≠sica ou problemas de sa√∫de""). Nos √∫ltimos metros os degraus v√£o ficando bem mais estreitos, e √© preciso ficar atento √†s pedrinhas soltas. Antes havia um corrim√£o com corda para se apoiar, mas o material se desgastou todo at√© s√≥ sobrarem as estacas (quando sobraram).Mas todo o esfor√ßo para chegar l√° compensa a vista! No topo h√° uma pequena trilha at√© o lado da Serra que est√° sofrendo eros√£o; a areia √© levada pelo vento e est√° expandindo a √°reas das dunas (outro passeio imperd√≠vel no Jalap√£o).";5.0;abr de 2017
Voc√™ tem que acordar bem cedo, encarar uma estrada ruim e uma subida de uns 40 minutos ainda no escuro, mas ver o nascer do sol depois de tudo isso, compensa demais, porque √© muito lindo.;5.0;mai de 2017
Para chegar ao topo da serra e apreciar a Linda vista o visitante precisa subir 250m, 850m na diagonal. A subida exige esfor√ßo f√≠sico moderado e cuidado, pois caminhamos por muitas pedras soltas. Na minha opini√£o, a descida √© mais dif√≠cil, √© preciso muito cuidado com as pedras e for√ßa um pouco mais as pernas. Mas, √© claro, a vista compensa tudo! Uma contempla√ß√£o maravilhosa na qual √© poss√≠vel observar a eros√£o da serra que forma as dunas. Como tudo no Jalap√£o, vale muito a pena!;4.0;set de 2017
A sa√≠da das pousadas tem q ser as 03 da madrugada, subida de 700m bem √≠ngreme, usando lanterna. Mas compensa demais.;5.0;set de 2017
Come√ßamos a subida √†s 04:00. O c√©u do Jalap√£o √© um atrativo por si s√≥: repleto de estrelas! Encantador ver estrelas cadentes üòç. √â uma subida de m√©dia dificuldade, h√° alguns pontos de parada para descanso. Chegamos no topo por volta das 05:00, e deitamos para observar o c√©u e ouvir a natureza. √â lindo ver o sol nascer esplendoroso...;5.0;set de 2017
Sa√≠mos as 4h da manh√£ pra o mirante da Serra do Esp√≠rito Santo (√© um passeio opcional e custou R$100, 00 Temers) , demoramos quase 1h na estrada at√© chegar ao local de subida pra trilha, que dura uns 40 minutos de escalaminhada. √â um n√≠vel m√©dio e tem que subir r√°pido pra conseguir ver o sol nascendo l√° de cima.  Quando eu desci do carro e olhei pro c√©u, sem nenhuma ilumina√ß√£o em volta, eu pude ver o quanto  Deus √© maravilhoso. S√≥ de ter tido a oportunidade de ver aquele c√©u, como se fosse um planet√°rio j√° valeu tudo a pena. Uma imensid√£o de estrelas, uma lua linda e um sol prestes a nascer... voc√™ v√™ Deus em  cada detalhe. 0BS.: levem um casaquinho porque l√° em cima venta um pouco.;5.0;ago de 2017
Fazer a trilha √© certeza de ver as paisagens do Jalap√£o de uma outra perspectiva, al√©m e ser uma boa caminhada, prepare uma boa bota, acorde muito cedo e aproveite o nascer do sol.Tire lindas fotos das Dunas do Jalap√£o  de um outro √¢ngulo.;5.0;ago de 2017
Trilha super segura, sempre com dois guias da expedi√ß√£o Korubo! √â o topo √© m√°gico o mirante Tb! N√£o d√° pra n√£o deixar de ir!;5.0;mai de 2017
Excelente trilha, de esfor√ßo moderado,pois s√£o 800 metros de subida √≠ngreme em pedras. Na parte de cima para chegar ao mirante principal s√£o mais 2,5 k de caminhada. Compensa muito.;5.0;mai de 2017
"A subida n√£o √© muito f√°cil e precisa ser feita bem cedo, para aguentar o sol. Mas vale todo o ""sacrif√≠cio""!A vista do mirante √© espetacular.Recomendo.";5.0;dez de 2016
Primeiro as boas not√≠cias: lugar lind√≠ssimo, paisagens fant√°sticas, os fervedouros s√£o uma experi√™ncia √∫nica e os melhores banhos de rio que j√° tomei na vida.Agora... √© uma viagem para os fortes. Na ida, foram 12 horas at√© Mateiros e sem comida que n√£o fosse a que levamos. A maior parte do tempo sacolejando dentro de um carro 4x4. No caminho n√£o tem nada onde se possa comprar sequer √°gua. Dessas 12h possivelmente umas 4h ou 5h voc√™ fica nas atra√ß√µes no caminho. Destaque para a cachoeira da velha e um banho de rio fant√°stico do lado. O dia termina num p√¥r do sol indescrit√≠vel nas dunas. O restante do tempo √© no carro em estradas de terra bem danificadas.No segundo dia voc√™ vai conhecer (e certamente gostar bastante) os fervedouros, rios e cachoeiras pr√≥ximo √† Mateiros. Recomendo n√£o empolgar nos mergulhos nos fervedouros ou ent√£o levar protetor de ouvido. Um amigo voltou com problemas porque entrou areia nos ouvidos. Nesse dia voc√™ vai ficar bem menos tempo no carro, o que √© um al√≠vio. Fomos no feriado da semana santa e algumas atra√ß√µes estavam muito cheias, como a Cachoeira do Formiga, que √© uma das mais belas atra√ß√µes do local. Isso atrapalhou um pouco.A volta e muito semelhante a ida, mas com outras atra√ß√µes. Fizemos outro caminho e assim fechamos a volta completa no parque. Levamos 11h na volta. Fiquei especialmente assustado com o fato de que em todo o trajeto (ida e volta) n√£o h√° nada nem ningu√©m. Se o carro quebrar n√£o fa√ßo nem ideia de como seria para sair de l√°.Importante: esse passeio vai testar sua capacidade de ser autossuficiente. Tudo que for indispens√°vel voc√™ precisa levar porque n√£o vai achar nada l√°, inclusive dinheiro (tudo pago em cash). E √© importante fazer isso evitando muita tralha e peso. As refei√ß√µes eram previamente combinadas pelo nosso guia com os restaurantes. Nada de 4G e mesmo o wi-fi da pousada n√£o √© l√° essas coisas (o que no fundo achei bom porque tira um pouco a gente da vida on-line). Mas a dica mais valiosa de todas √© que voc√™ pode alugar um carro 4X4 com motorista/guia a partir de Palmas. Quase todos eles possuem 6 lugares (fora o motorista) e dessa forma sai praticamente a metade do pre√ßo da principal empresa de turismo do local. Mas 2 desses lugares s√£o assentos bem apertados no que seria o porta-malas da camionete (Hilux, SW4 etc.). N√£o fa√ßa isso consigo ou com quem quer que seja... Desumano viajar nessas condi√ß√µes e naqueles lugares. E procure refer√™ncia do motorista/guia. Todos s√£o simp√°ticos e prestativos, mas a natureza e a falta de estrutura imp√µem limites intranspon√≠veis. Sugiro escolher muito bem as pessoas que ir√£o com voc√™. Se uma viagem normal j√° testa amizades, essa pode ir al√©m disso.;5.0;abr de 2017
"Entre as v√°rias atra√ß√µes do Jalap√£o, a Serra do Esp√≠rito Santo √© uma das especiais.Tanto vista de baixo, como l√° de cima (ap√≥s uma subida de cerca de 40 a 60 minutos), s√£o de tirar o f√¥lego!Vale a demora de duas horas (ou mais), de ""caminh√£o"" (4x4) para chegar l√°.Use cal√ßado adequado para a subida e proteja-se do sol!";5.0;abr de 2017
Assistir ao nascer do sol nesse lugar √© algo que marcar√° voc√™ por um bom tempo. Afinal, voc√™ poder√° admirar a beleza do lugar ap√≥s uma trilha pela encosta. E admirar o que o lugar tem de mais bonito, sua beleza! ;5.0;jul de 2017
Mesmo saindo de madrugada, vale muito a pena subir a serra pra ver o nascer do sol!! √© incr√≠vel e as imagens n√£o refletem o que voce de fato vai ver!!;5.0;jun de 2017
"Subimos de madrugada (as 03:30 da manh√£) para ver o nascer do sol.  A subida √© √≠ngreme, com uma inclina√ß√£o m√©dia de 30 graus e percorre um quil√¥metro morro acima. √â um pouco puxado mas d√° para subir tranquilamente, teve um pessoal com amis idade que tb subiu junto. L√° em  cima s√£o percorridos mais 3km de ida e 3km de volta em superf√≠cie plana. Vale muito a pena!!! Alem da vista maravilhosa, h√° uma pedra onde podemos tirar foto estiro ""super man"", ou sentado na ponta dela, fica super legal. VAle muito a pena";5.0;ago de 2016
A vista √© magn√≠fica. S√£o 300m de trilha de areia, 800m de subida √≠ngreme em leito rochoso e mais 3km de trilha plana at√© o mirante (e tem o retorno ...), mas vale a pena.;5.0;jul de 2017
Saimos da pousada as 3:00 da manha ,levamos 50 min. para chegar,a subida no escuro √© um tanto dificil,para mim foi tranquilo,pessoas que praticam pouca atividade ou com algum problema fisico a subida judia bastante,principalmente se for subir de dia,pois o sol castiga bastante.O local e maravilhoso!;5.0;mai de 2017
Vale muito o passeio, mas √© necess√°rio um bom preparo f√≠sico. A trilha n√£o √© longa, mas √© bem √≠ngreme e com muitas pedras soltas e areia. A falta de um cal√ßado apropriado dificulta as coisas. No fim da trilha para subir na serra ainda temos que andar mais 3km para chegar ao mirante - o solo √© de terra firme, por√©m √© debaixo de um sol escaldante. E na volta.... mais 3km e a descida, ainda mais complicada. Mas a vista √© espetacular.;4.0;abr de 2017
O fim recompensa os meios. Acordar muito cedo, caminhar por horas subindo um caminho √≠ngreme, para ver o qu√™? Uma paisagem deslumbrante! Uns dos pontos mais altos do Jalap√£o!;4.0;jul de 2016
Chegamos por volta das 5 da manh√£ e demoramos cerca de 50 minutos para subir! V√° de cal√ßa leve e t√™nis confort√°vel! A vista l√° de cima √© maravilhosa!;5.0;fev de 2017
 Amei visitar a serra. O √∫nico porem √©, se voc√™ n√£o tiver resistencia nem tente subir. √© uma subida facil, mas ingrime que exige alguma resistencia fisica. A vista √© magnifica!!!! Leve agua suficiente.;5.0;fev de 2017
Infelizmente o sol n√£o nasceu como gostar√≠amos, mas a vista do lugar vale muito a pena! Chegue cedo para subir e aproveitar o nascer do sol do topo da serra.Chegando no topo v√° para a direita (local onde o sol nasce) e √† esquerda existe uma trilha de 3km onde se chega ao mirante.;5.0;jan de 2017
Show de imagens! Muito lindo , existe um passeio para assistir o nascer do sol dessa Serra , voltando para as Pousadas para tomar o caf√© da manh√£.;4.0;jan de 2017
Paisagens e visuais maravilhosos de uma regi√£o que j√° foi fundo de mar. Imposs√≠vel n√£o parar para ficar admirando a dist√¢ncia e beleza. Lugares assim nunca ser√£o esquecidos, por isso, divulguemos apenas para os que se interessam em preserv√°-los.;5.0;dez de 2016
Amei visitar este lugar, valeu a pena cada minuto. A trilha de subida n√£o √© f√°cil, tem muitas pedras que escorregam, n√£o √© uma trilha segura e exige uma esfor√ßo f√≠sico de m√©dio a intenso. N√£o recomendo para crian√ßas e pessoas com problemas de sa√∫de. No alto tem um outra trilha que leva a um mirante de onde √© poss√≠vel ver o processo de eros√£o levando √† forma√ß√£o das dunas. A descida tamb√©m n√£o √© f√°cil, deve-se descer devagar, um cajado ajudar bastante e deve-se evitar descer assentado, pelo eventual aparecimento de animais pe√ßonhentos. Recomendo ir bem cedo, pois o calor se torna insuport√°vel ao longo do dia, levar repelente, protetor solar, usar roupas compridas e leves. A cr√≠tica que tenho a fazer √© que n√£o √© uma trilha segura. Apesar de ter algumas estacas ao longo do caminho e alguns degraus no final da trilha, ela parece abandonada, portanto deve-se tomar cuidado.;5.0;jan de 2017
Esta serra √© uma eleva√ß√£o imponente vista constantemente no Jalap√£o. A sua eros√£o pelas chuvas e ventos origina as famosas dunas. √â poss√≠vel ver o nascer do sol subindo a serra, desde que a previs√£o do tempo seja boa!;4.0;set de 2016
Recomendo a subida de madrugada para assistir o nascer do sol na Serra do Esp√≠rito Santo. S√£o aproximadamente 500 m de subida √≠ngreme que valem muito a pena. ;5.0;set de 2016
√â um passeio hard, mas a vis√£o compensa muito! Leve bastanteeeee agua, protetor, repelente caso precise (eu n√£o usei no dia pq n√£o precisou) e alguma coisinha leve para comer! ;5.0;jan de 2017
A trilha at√© o topo da chapada √© curta, mas exige um bom preparo f√≠sico, j√° que a subida √© bem puxada. Do alto temos uma bela vis√£o da imensid√£o do cerrado, √© poss√≠vel avistar veredas e forma√ß√µes distantes no horizonte. Estando no alto, h√° a possibilidade de caminhar cerca de 3km por trilha batida at√© uma outra beirada do chapad√£o, onde √© poss√≠vel avistar as dunas e sua origem.;4.0;jul de 2016
A caminhada de subida at√© a serra do esp√≠rito santo vale cada passo, como recompensa voc√™ ter√° um visual acachapante!;5.0;jun de 2016
Fiz um tour pelo Jalap√£o com a Realize. Foi muito bom! Os guias fizeram de tudo para tornar nossa viagem confort√°vel e divertida.;5.0;dez de 2016
Vale muito a pena a subida para contempla√ß√£o do nascer do sol. A caminhada √© um pouco pesada mas o lugar √© recompensador. D√° para fazer imagens lindas. Recomendo sai bem cedo.;5.0;abr de 2016
A serra √© muito imponente. Existe um passeio para subir a serra e ver o nascer do sol l√° de cima, n√£o fui porque n√£o tenho condicionamento f√≠sico. ;5.0;jul de 2016
Ela reina no Jalap√£o...o seu formato plano parece que foi feito a fio de navalha!!! √© impressionante e imponente...n√£o cheguei a fazer a trilha que leva ao seu topo, de onde, me disseram, tem uma vis√£o maravilhosa do Jalap√£o...a caminhada √© puxada, por esse motivo, fiquei contente somente por estar a seus p√©s e poder contemplar a beleza √≠mpar desse lugar. Vale muito a pena conhecer, recomendo!!!;5.0;ago de 2016
"Estando hospedado em Mateiros, acordar √†s 3;30, mais uma hora de estrada de ch√£o e uma subida de cerca de 40 minutos na madrugada, esperar o Sol nascer vale a pena. ";5.0;ago de 2016
Pra voc√™ que tem disposi√ß√£o e f√¥lego, vale a pena acordar √†s 03:00 pra ver o nascer do sol desse lugar, √© simplesmente ESPETACULAR! Vale e muito a pena ir, ali√°s a pena n√£o, vale a galinha inteira, √© sensacional! ;5.0;ago de 2016
A Serra do Esp√≠rito Santo √© uma das muitas que existem no Jalap√£o e √© bel√≠ssima. De todo lado que voc√™ olha, l√° est√° ela, majestosa! ;4.0;jun de 2016
Comecei a fazer a trilha para subir a serra as 5h da manh√£. Subidinha um pouco cansativa, por√©m ha bancos durante o caminho. E nesses bancos paramos p observar o ceu estrelado. Apagamos as lanternas e apenas observamos um show de estrelas e estrelas- cadentes. Quando chegamos la em cima foi a vez de esperarmos mais um espetaculo, agora feito pelo nascer do sol. Um visual lindo. E repleto de significados para quem ama esses detalhes da natureza.;4.0;ago de 2016
Acordar as 3,30h da manha para ver o nascer do sol do alto da serra foi inesquec√≠vel!!!! A subida eh bem √≠ngreme mas com certo preparo fisico eh poss√≠vel fazer em cerca de 40 minutos;5.0;set de 2016
Uma subida de mais ou menos 800 metros, com muitos pedregulhos soltos. Ap√≥s uma caminhada at√© o mirante voc√™ percebe que vale a pena. Um por do sol perfeito.;4.0;mai de 2016
A trilha de subida √© ingr√≠me, s√£o aproximadamente 850 metros de areia e pedra. Mas o visual quando se alcan√ßa o topo mostra que vale a pena.;5.0;ago de 2016
"Visual incr√≠vel, por√©m, como divulgado nos adesivos dos carros: O ""Jalap√£o √© Bruto"". A Fauna e a flora do local s√£o maravilhosas. O percurso √© dif√≠cil, mas vale cada solavanco, poeira, cansa√ßo. Normalmente, o carro p√°ra na estrada e faz-se a subida √† p√© para contempla√ß√£o. Muito melhor quando acompanhado por um guia para n√£o danificar o local que sofre com eros√£o. Da√≠ aproveita-se muito do conhecimento dos locais quanto √† vegeta√ß√£o e aos animais. Voltarei com certeza!";5.0;ago de 2016
As estradas no Jalap√£o s√£o ladeadas  por lindas serras e morros. Desde que pegamos a estrada carro√ßal fomos sempre acompanhados ao longe por uma, entre elas est√° a do Espirito Santo. √® uma paisagem bastante √°rida, terra vermelha, muita poeira, com o contraste cinza azulado das serras. ;4.0;jul de 2016
